{
  "id": "java-local-regression",
  "description": "java-local-regression",
  "engineFactory": "io.prediction.examples.java.regression.EngineFactory",
  "datasource": {
    "params": {
      "filepath": "PATH-TO-lr_data.txt"
    }
  },
  "preparator": {
    "params": {
      "r": 0.8
    }
  },
  "algorithms": [
    {
      "name": "OLS",
      "params": {}
    },
    {
      "name": "Default",
      "params": {
        "v": 2.0
      }
    },
    {
      "name": "Default",
      "params": {
        "v": 4.0
      }
    }
  ]
}
